<?xml version="1.0" encoding="UTF-8"?>
<project-private xmlns="http://www.netbeans.org/ns/project-private/1">
    <editor-bookmarks xmlns="http://www.netbeans.org/ns/editor-bookmarks/2" lastBookmarkId="0"/>
    <open-files xmlns="http://www.netbeans.org/ns/projectui-open-files/2">
        <group>
            <file>file:/C:/Users/my/Documents/NetBeansProjects/Bean/nbproject/project.properties</file>
            <file>file:/C:/Users/my/Documents/NetBeansProjects/Bean/web/EmpBean.jsp</file>
            <file>file:/C:/Users/my/Documents/NetBeansProjects/Bean/web/index.jsp</file>
            <file>file:/C:/Users/my/Documents/NetBeansProjects/Bean/src/java/prac/EmployeeBean.java</file>
            <file>file:/C:/Users/my/Documents/NetBeansProjects/Bean/src/java/prac/StudentsBean.java</file>
            <file>file:/C:/Users/my/Documents/NetBeansProjects/Bean/web/StuBean.jsp</file>
        </group>
    </open-files>
</project-private>
